"rgn_id","year","pressure_score"
2,2015,0.0231019760801574
3,2015,0.555638793721099
4,2015,0.0319288043964713
5,2015,0.0252320431510242
6,2015,0.0649952689495651
7,2015,0.208859813189017
8,2015,0.0902433005126659
