"rgn_id","rgn_name","year","pressure_score"
3,"Dar es Salaam",2015,0.593104562726777
5,"Lindi",2015,0.039173939781069
4,"Mtwara",2015,0.0302391693279925
8,"Pemba",2015,0.0493114904689519
2,"Pwani",2015,0.0995042314222922
6,"Tanga",2015,0.0713820285463914
7,"Zanzibar",2015,0.117284558465302
