"Region_ID","rgn_name","prot_area_km2","tot_area_km2","prot_area_pct","resilience_score","year"
"2","Pwani",5.38584956033968e-08,6.76875199242896e-07,8,0.267,"2015"
"3","Dar es Salaam",5.28992775341284e-10,1.03944995055011e-07,0.5,0.017,"2015"
"6","Tanga",5.7988040224093e-09,2.39843826530807e-07,2.4,0.08,"2015"
"7","Zanzibar",4.97815977116963e-11,4.43962385300372e-07,0,0,"2015"
"8","Pemba",1.74879377805959e-09,4.26894602852865e-07,0.4,0.013,"2015"
