rgn_id,value
1,0.613345258137
2,0.613345258137
3,0.613345258137
4,0.613345258137
5,0.613345258137
6,0.613345258137
7,0.613345258137
8,0.613345258137
