"rgn_id","habitat","year","health"
2,"mangrove",2014,0.743430536864238
3,"mangrove",2014,0.687154554136584
4,"mangrove",2014,0.934160076454476
5,"mangrove",2014,0.898166007316125
6,"mangrove",2014,0.737499854321496
7,"mangrove",2014,1.8593629517611
8,"mangrove",2014,0.829821075164011
