rgn_id,habitat,year,health
1,seagrass,2012,0.855116269050631
2,seagrass,2012,0.855116269050631
3,seagrass,2012,0.855116269050631
4,seagrass,2012,0.855116269050631
5,seagrass,2012,0.855116269050631
6,seagrass,2012,0.855116269050631
7,seagrass,2012,0.855116269050631
8,seagrass,2012,0.855116269050631
