rgn_id,habitat,year,trend
1,coral,2012,0.22124531624698
2,coral,2012,0.22124531624698
3,coral,2012,0.22124531624698
4,coral,2012,0.22124531624698
5,coral,2012,0.22124531624698
6,coral,2012,0.22124531624698
7,coral,2012,0.22124531624698
8,coral,2012,0.22124531624698
