rgn_id,resilience.score
1,0.388098937248
2,0.388098937248
3,0.388098937248
4,0.388098937248
5,0.388098937248
6,0.388098937248
7,0.388098937248
8,0.388098937248
