rgn_id,year,pressure_score
1,2015,0.472532847531786
2,2015,0.472532847531786
3,2015,0.472532847531786
4,2015,0.472532847531786
5,2015,0.472532847531786
6,2015,0.472532847531786
7,2015,0.472532847531786
8,2015,0.472532847531786
