rgn_id,pressures.score
1,0.00591206754925
2,0.00591206754925
3,0.00591206754925
4,0.00591206754925
5,0.00591206754925
6,0.00591206754925
7,0.00591206754925
8,0.00591206754925
