rgn_id,score
1,0.8934093794677757
2,0.8934093794677757
3,0.8934093794677757
4,0.8934093794677757
5,0.8934093794677757
6,0.8934093794677757
7,0.8934093794677757
8,0.8934093794677757
