rgn_id,score
1,0.9077379186193165
2,0.9077379186193165
3,0.9077379186193165
4,0.9077379186193165
5,0.9077379186193165
6,0.9077379186193165
7,0.9077379186193165
8,0.9077379186193165
