rgn_id,year,km2
1,2018,0
2,2018,461.2856082
3,2018,25.29268377
4,2018,131.5623273
5,2018,476.8640619
6,2018,169.7946166
7,2018,209.8276273
8,2018,294.5032591
